d_0; 0.07321422385079185; [742, 187, 96, 482, 198, 691]; 0.10123458133820283; [744, 184, 94, 478, 196, 694]; 0.04766629741166875; [745, 184, 92, 478, 197, 693]; 0.1740927179464687; [743, 187, 91, 480, 193, 696]; 0.007653824608795476; [742, 189, 94, 480, 199, 696]; 0.14723177335306803; [741, 188, 91, 480, 194, 693]; 0.06141845453970025; [740, 187, 92, 480, 199, 694]; 0.15616398439658843; [743, 186, 97, 482, 196, 695]; 0.079286655068235; [741, 185, 93, 480, 198, 696]; 0.1520374874864807; [743, 185, 96, 479, 197, 692]
d_1; 0.05665815263297171; [815, 898, 926, 667, 345, 491]; 0.014453936161648476; [815, 901, 929, 665, 349, 495]; 0.02780019379864487; [816, 903, 929, 667, 347, 496]; 0.18371191516254815; [816, 903, 926, 669, 345, 496]; 0.2571937829528464; [816, 903, 928, 667, 344, 496]; 0.0022303307787712246; [819, 899, 930, 666, 345, 495]; 0.05901810600873135; [816, 897, 925, 665, 345, 491]; 0.36687221018458643; [814, 899, 927, 664, 343, 491]; 0.02994024497198468; [819, 899, 927, 667, 343, 495]; 0.002121127347266713; [813, 903, 927, 667, 344, 494]
d_2; 0.008857836541305683; [239, 171, 513, 879, 597, 795]; 0.19668238102921196; [239, 173, 512, 878, 598, 793]; 0.04657423796574533; [238, 170, 514, 875, 599, 794]; 0.04205630632476116; [236, 172, 512, 876, 602, 795]; 0.06307715437911969; [237, 169, 511, 879, 600, 792]; 0.1946560749548617; [238, 176, 513, 877, 601, 796]; 0.28645910723556717; [237, 173, 511, 882, 600, 793]; 0.10218945912034849; [237, 168, 511, 878, 601, 794]; 0.010816230851998279; [235, 171, 510, 878, 603, 794]; 0.048631211597080566; [240, 173, 512, 878, 603, 791]
d_3; 0.03328227694016518; [629, 366, 370, 318, 310, 710]; 0.011567461198651728; [629, 367, 369, 317, 308, 711]; 0.12660594627251495; [631, 370, 372, 318, 312, 710]; 0.06987789641349294; [625, 372, 372, 317, 309, 713]; 0.09637245960256756; [628, 372, 372, 319, 313, 710]; 0.28299923812337624; [627, 370, 372, 321, 311, 711]; 0.11883821072207805; [627, 370, 373, 316, 308, 711]; 0.04902761114913418; [626, 369, 371, 321, 311, 710]; 0.20473118013970684; [627, 371, 371, 315, 312, 709]; 0.006697719438312241; [628, 372, 368, 316, 309, 710]
d_4; 0.21618626000059837; [507, 578, 697, 468, 77, 943]; 0.10622874249058314; [508, 580, 694, 469, 78, 941]; 0.04220904406573317; [507, 581, 697, 469, 78, 946]; 0.24767370894619406; [507, 580, 696, 473, 76, 944]; 0.06517186199499136; [506, 579, 697, 468, 78, 944]; 0.07213565021931753; [507, 584, 698, 469, 76, 943]; 0.01501675320966275; [505, 579, 696, 468, 79, 941]; 0.020916975344681545; [504, 579, 697, 470, 75, 945]; 0.07976465464277131; [504, 582, 695, 469, 79, 945]; 0.13469634908546665; [505, 581, 696, 471, 73, 940]
d_5; 0.12943162102545241; [88, 946, 510, 573, 486, 203]; 0.06972379679700653; [91, 946, 511, 573, 486, 201]; 0.003952680121681231; [92, 945, 509, 579, 487, 204]; 0.0010910447404001403; [92, 945, 509, 572, 485, 203]; 0.07922525389952956; [93, 946, 509, 572, 489, 200]; 0.11955716314097332; [94, 941, 511, 575, 488, 201]; 0.15553576041373204; [90, 942, 512, 575, 485, 204]; 0.16415780068533115; [89, 946, 511, 578, 488, 201]; 0.2638286780211599; [92, 944, 508, 576, 488, 203]; 0.013496201154733704; [92, 944, 510, 572, 487, 204]
d_6; 0.14334358488162122; [985, 250, 965, 913, 700, 984]; 0.0830558915746414; [986, 251, 965, 915, 700, 987]; 0.007205807954853216; [987, 252, 969, 913, 699, 984]; 0.14659314373063023; [987, 253, 964, 912, 701, 989]; 0.275122120514581; [987, 255, 965, 915, 702, 988]; 0.13901857250281918; [988, 253, 966, 916, 699, 984]; 0.0006287629663844863; [985, 250, 964, 913, 699, 986]; 0.12879786479454786; [988, 249, 966, 913, 703, 984]; 0.04000709877898188; [985, 252, 968, 914, 700, 985]; 0.03622715230093944; [984, 251, 965, 915, 702, 985]
d_7; 0.041260144632226624; [916, 834, 928, 489, 41, 476]; 0.12006390715370606; [913, 833, 931, 491, 44, 471]; 0.0954771137524817; [913, 835, 929, 490, 43, 477]; 0.15052506855481027; [913, 830, 926, 489, 46, 476]; 0.008616344819609352; [913, 835, 932, 489, 45, 477]; 0.3130085558004604; [915, 832, 928, 492, 43, 475]; 0.059558120974602016; [914, 835, 927, 490, 45, 472]; 0.038778703958191385; [914, 834, 925, 488, 43, 475]; 0.03611318569286638; [910, 834, 930, 491, 46, 473]; 0.13659885466104568; [911, 832, 929, 488, 46, 477]
d_8; 0.03965090153279885; [102, 272, 943, 280, 996, 649]; 0.002203536046571357; [103, 268, 946, 278, 993, 652]; 0.16376086636267667; [105, 270, 942, 282, 993, 650]; 0.09004867324347365; [105, 270, 946, 281, 995, 646]; 0.2904893382660735; [105, 269, 946, 282, 997, 653]; 0.01417293977876157; [106, 271, 947, 280, 998, 649]; 0.18782992284725775; [105, 267, 946, 275, 995, 649]; 0.046064582003085275; [105, 268, 946, 278, 996, 653]; 0.03854128537971604; [102, 268, 943, 277, 998, 651]; 0.12723795453958545; [105, 267, 945, 278, 995, 652]
d_9; 0.1642457698928476; [411, 86, 225, 701, 708, 546]; 0.012655888838446705; [411, 86, 221, 702, 707, 543]; 0.2554886838644646; [412, 87, 225, 701, 704, 542]; 0.02808787631027903; [409, 85, 222, 700, 704, 544]; 0.15317826401483273; [411, 87, 224, 703, 709, 539]; 0.06092527798402136; [411, 84, 224, 704, 705, 541]; 0.21332433654268493; [408, 85, 220, 702, 707, 540]; 0.02485966037339025; [409, 85, 225, 703, 704, 542]; 0.0668520230959264; [409, 90, 222, 702, 709, 542]; 0.020382219083106577; [407, 89, 223, 702, 707, 545]
d_10; 0.04074666815728141; [737, 119, 456, 492, 514, 83]; 0.10839750791780983; [733, 119, 458, 495, 511, 86]; 0.11281585244312478; [736, 116, 455, 493, 514, 83]; 0.16257737205463776; [734, 119, 456, 494, 513, 86]; 0.007621857481140006; [733, 122, 456, 495, 512, 84]; 0.06785437161715985; [734, 118, 460, 497, 515, 84]; 0.24214575380970635; [730, 119, 456, 496, 510, 82]; 0.19813185288171212; [733, 121, 455, 497, 510, 83]; 0.0159689145950539; [733, 114, 456, 495, 513, 81]; 0.04373984904237396; [735, 116, 457, 496, 516, 82]
d_11; 0.09618288480434664; [24, 203, 55, 100, 542, 10]; 0.03795172555332411; [26, 203, 56, 101, 542, 12]; 0.09271623005310102; [28, 207, 54, 100, 540, 11]; 0.02103190410105488; [28, 207, 52, 100, 543, 13]; 0.12174289039279239; [25, 208, 51, 102, 544, 13]; 0.11965031778479905; [23, 205, 51, 102, 544, 14]; 0.0017248805629230116; [25, 206, 49, 101, 541, 12]; 0.20591785109519245; [23, 205, 53, 100, 539, 14]; 0.13462444740777424; [24, 207, 52, 99, 541, 13]; 0.16845686824469228; [27, 205, 50, 99, 539, 15]
d_12; 0.02412290609667918; [127, 581, 973, 774, 65, 190]; 0.06663523133520464; [124, 584, 976, 770, 67, 189]; 0.04055215645019436; [123, 580, 972, 770, 68, 189]; 0.37469395884781603; [126, 583, 971, 771, 69, 188]; 0.006245245213728646; [121, 581, 973, 771, 69, 187]; 0.16199905078465596; [124, 583, 970, 770, 65, 190]; 0.0533328500036959; [124, 582, 976, 773, 69, 188]; 0.22214915270152039; [124, 585, 972, 772, 64, 191]; 0.024798612193958378; [124, 580, 975, 773, 67, 190]; 0.025470836372546775; [124, 586, 975, 772, 66, 190]
d_13; 0.20284725341704474; [157, 84, 498, 123, 93, 817]; 0.07489467569040718; [156, 85, 499, 124, 88, 822]; 0.002540292733739494; [157, 84, 501, 126, 89, 821]; 0.029607932125837143; [157, 85, 497, 124, 94, 819]; 0.21475651697909953; [157, 86, 498, 123, 90, 824]; 0.006519961316683056; [158, 86, 495, 123, 91, 816]; 0.17520452176818652; [157, 84, 498, 122, 86, 820]; 0.15623137307403362; [158, 86, 496, 123, 89, 824]; 0.050790383689009816; [159, 87, 499, 125, 91, 820]; 0.08660708920595887; [160, 84, 497, 122, 89, 819]
d_14; 0.07164450753826966; [433, 598, 510, 67, 584, 11]; 0.10183579450649667; [433, 597, 514, 66, 582, 11]; 0.0009854906695477964; [434, 596, 513, 69, 583, 5]; 0.2124641652157687; [433, 596, 514, 71, 585, 10]; 0.2802788094584042; [430, 600, 512, 67, 583, 9]; 0.12614314732576584; [429, 597, 514, 69, 584, 10]; 0.05629189414991335; [431, 602, 514, 68, 586, 8]; 0.004014862382356783; [431, 601, 513, 68, 585, 10]; 0.05855252776124731; [431, 596, 512, 69, 585, 12]; 0.08778880099222972; [432, 595, 514, 67, 584, 6]
d_15; 0.018288324577133242; [649, 244, 34, 63, 381, 777]; 0.024274221570436946; [646, 243, 35, 57, 380, 776]; 0.09967147143620655; [647, 241, 35, 60, 379, 778]; 0.13447123346691003; [647, 242, 35, 61, 377, 775]; 0.07700480194994151; [648, 245, 37, 59, 380, 776]; 0.02548869317120848; [647, 243, 32, 62, 377, 777]; 0.049663062707075; [646, 244, 35, 56, 380, 775]; 0.13941991922132835; [645, 243, 31, 59, 378, 775]; 0.3065083454851005; [646, 247, 31, 57, 380, 775]; 0.1252099264146595; [645, 243, 33, 60, 382, 775]
d_16; 0.044127773756704174; [647, 789, 441, 870, 53, 945]; 0.018310958655925254; [643, 787, 443, 869, 57, 945]; 0.19468559406158273; [648, 790, 443, 866, 53, 946]; 0.009975042047989767; [648, 787, 439, 871, 54, 946]; 0.05236639676058334; [646, 788, 444, 865, 58, 945]; 0.02452950249090397; [647, 788, 446, 866, 58, 946]; 0.0447677580402818; [649, 787, 441, 868, 58, 943]; 0.4033980407600546; [649, 790, 441, 866, 56, 944]; 0.15437013677294847; [650, 791, 442, 868, 56, 948]; 0.053468796653026104; [644, 787, 443, 869, 58, 948]
d_17; 0.12589938576007204; [221, 955, 148, 274, 590, 426]; 0.10318334771636409; [221, 953, 143, 280, 591, 424]; 0.11727119248158724; [221, 954, 148, 276, 590, 427]; 0.008563245574892105; [218, 956, 144, 276, 592, 428]; 0.05614935334391167; [223, 952, 144, 275, 591, 424]; 0.21675243674921454; [223, 955, 149, 278, 591, 427]; 0.1327850132576517; [220, 958, 144, 278, 591, 426]; 0.046344940666876194; [219, 954, 148, 278, 591, 427]; 0.06403955941248748; [222, 956, 143, 278, 590, 429]; 0.12901152503694313; [219, 956, 144, 275, 591, 425]
d_18; 0.07150924685466808; [627, 946, 254, 18, 145, 574]; 0.04926975350133296; [628, 947, 258, 21, 143, 571]; 0.18028314308765186; [629, 944, 253, 20, 145, 569]; 0.018000878211796953; [629, 942, 254, 22, 140, 571]; 0.0022514519170035996; [628, 942, 252, 21, 145, 571]; 0.040590350103579496; [632, 943, 254, 20, 142, 574]; 0.014166156380193601; [630, 946, 255, 19, 144, 571]; 0.155141571121104; [633, 946, 255, 21, 143, 571]; 0.451163864960293; [627, 945, 255, 21, 140, 575]; 0.01762358386237658; [625, 945, 253, 20, 145, 573]
d_19; 0.09323788702816248; [984, 661, 488, 127, 929, 766]; 0.005586691379357095; [979, 659, 487, 127, 933, 763]; 0.03366961964190494; [982, 661, 487, 129, 934, 766]; 0.03524055197640769; [983, 660, 489, 133, 930, 766]; 0.09928013258389089; [981, 660, 491, 127, 932, 768]; 0.1524236724983261; [985, 659, 489, 127, 931, 766]; 0.3650555662469984; [984, 658, 488, 129, 928, 766]; 0.1052088355722916; [982, 663, 489, 129, 929, 767]; 0.05292303021903101; [982, 661, 488, 128, 935, 765]; 0.057374012853629724; [985, 659, 489, 130, 929, 765]
d_20; 0.1681065967780715; [762, 92, 848, 884, 269, 984]; 0.03052303403453234; [761, 93, 849, 887, 267, 985]; 0.0008290763880861688; [762, 95, 848, 886, 270, 984]; 0.2347909164742417; [764, 93, 849, 890, 269, 982]; 0.08625499904212222; [760, 92, 849, 887, 269, 981]; 0.1773083774621207; [763, 95, 849, 886, 270, 981]; 0.23036211994505582; [763, 91, 849, 886, 270, 981]; 0.0007764031490979285; [759, 97, 851, 886, 265, 983]; 0.048405641608839686; [762, 97, 851, 888, 266, 984]; 0.02264283511783215; [762, 96, 850, 885, 265, 985]
d_21; 0.19827413211663492; [506, 787, 317, 450, 804, 561]; 0.006405002689456472; [505, 787, 315, 454, 802, 564]; 0.04527984509793104; [507, 786, 313, 451, 805, 562]; 0.02709810027789803; [506, 790, 313, 453, 806, 561]; 0.0837504843754422; [505, 784, 314, 454, 802, 560]; 0.11106166881689189; [503, 789, 312, 452, 805, 562]; 0.025015982809529956; [506, 786, 312, 451, 802, 563]; 0.0036233775312875622; [508, 788, 315, 451, 805, 562]; 0.29722848427482074; [506, 789, 312, 454, 802, 562]; 0.20226292201010712; [506, 787, 315, 451, 800, 558]
d_22; 0.24414636716432675; [194, 164, 669, 821, 141, 823]; 0.1287840673249263; [191, 164, 673, 823, 142, 823]; 0.2498759267529121; [188, 162, 670, 824, 140, 824]; 0.048833618486654976; [192, 164, 672, 823, 142, 825]; 0.008078445724781114; [187, 164, 668, 820, 139, 821]; 0.060612057899214464; [189, 166, 672, 824, 138, 825]; 0.033232468412831666; [188, 164, 668, 820, 137, 827]; 0.15569004325734964; [188, 163, 670, 822, 139, 824]; 0.06030325938698848; [188, 163, 673, 819, 141, 824]; 0.010443745590014633; [190, 166, 673, 820, 142, 825]
d_23; 0.012105945629424186; [97, 193, 291, 784, 357, 128]; 0.015405816164643368; [97, 193, 287, 783, 356, 125]; 0.051313337601083114; [102, 190, 290, 783, 359, 125]; 0.04403311665789699; [98, 191, 289, 785, 358, 124]; 0.22422273155622677; [99, 192, 286, 783, 354, 128]; 0.2506110483435271; [96, 191, 289, 785, 356, 124]; 0.0751166623924521; [102, 188, 288, 782, 356, 128]; 0.03781585532565909; [101, 193, 285, 783, 357, 129]; 0.27450256772229514; [96, 190, 289, 783, 360, 129]; 0.014872918606792152; [97, 195, 289, 782, 358, 128]
d_24; 0.002858208421142218; [225, 950, 127, 116, 491, 887]; 0.2563379767536152; [226, 951, 122, 113, 488, 884]; 0.011906583640887433; [229, 951, 124, 118, 486, 886]; 0.06848466891429666; [225, 951, 125, 116, 485, 886]; 0.2331550229442942; [226, 951, 123, 117, 487, 881]; 0.18718679632743962; [231, 951, 124, 116, 489, 886]; 0.03557237311414849; [226, 950, 125, 118, 489, 880]; 0.048199453672807126; [225, 952, 124, 112, 490, 885]; 0.07797852215501033; [225, 948, 124, 114, 491, 884]; 0.0783203940563586; [227, 949, 124, 116, 489, 880]
d_25; 0.031388938528241754; [535, 190, 39, 717, 361, 548]; 0.12705693588431802; [536, 187, 36, 720, 362, 548]; 0.33525263581610315; [535, 185, 39, 717, 364, 548]; 0.1582198228493436; [535, 189, 38, 718, 360, 550]; 0.1723222017836671; [537, 188, 38, 717, 360, 553]; 0.04550108989965643; [536, 188, 35, 717, 363, 550]; 0.0666621458233314; [533, 188, 41, 718, 363, 550]; 0.005564056141859881; [533, 186, 40, 716, 361, 552]; 0.03237403043252497; [536, 188, 36, 716, 363, 547]; 0.025658142840953656; [539, 188, 36, 718, 364, 551]
d_26; 0.0041213225806922375; [882, 986, 546, 27, 848, 116]; 0.3493546351689443; [881, 983, 546, 26, 855, 119]; 0.31365297981029394; [882, 985, 544, 28, 853, 116]; 0.024226770196600873; [883, 984, 544, 27, 851, 122]; 0.08167978553084879; [880, 986, 547, 25, 852, 116]; 0.0388913495784835; [883, 985, 545, 27, 850, 116]; 0.009678583372229892; [880, 983, 544, 27, 853, 117]; 0.0294445721312979; [884, 982, 549, 27, 849, 118]; 0.13111328614928247; [881, 984, 550, 24, 850, 120]; 0.01783671548132598; [882, 984, 546, 26, 854, 116]
d_27; 0.013883231897369066; [988, 596, 411, 731, 564, 79]; 0.00010541061792549577; [988, 598, 411, 730, 560, 77]; 0.13487888145402013; [990, 597, 411, 731, 559, 77]; 0.18153801508107192; [988, 598, 408, 728, 562, 77]; 0.07539383548180678; [988, 597, 408, 725, 564, 77]; 0.04981260863163595; [985, 597, 409, 726, 562, 76]; 0.13416635346410663; [987, 600, 408, 730, 564, 77]; 0.07034529374171854; [987, 599, 408, 731, 561, 75]; 0.21002484244748917; [986, 596, 411, 732, 561, 76]; 0.12985152718285614; [987, 594, 409, 728, 559, 79]
d_28; 0.11338781474214106; [330, 658, 143, 163, 68, 79]; 0.017802309687331087; [329, 663, 145, 164, 66, 81]; 0.0005103811995812209; [330, 658, 146, 167, 65, 82]; 0.14087500580910453; [327, 662, 143, 163, 64, 83]; 0.04359548835926063; [329, 657, 142, 164, 64, 80]; 0.009371332763652256; [330, 659, 144, 167, 64, 79]; 0.2092755612318052; [326, 661, 145, 163, 68, 80]; 0.11133418383593899; [328, 660, 145, 163, 65, 77]; 0.06566815182784215; [329, 661, 148, 164, 63, 83]; 0.28817977054334293; [328, 661, 144, 167, 62, 80]
d_29; 0.11728408581150726; [403, 948, 818, 201, 818, 243]; 0.09162549363805728; [404, 948, 819, 197, 815, 242]; 0.12467008189303533; [403, 950, 821, 201, 816, 245]; 0.04090193765038035; [406, 951, 819, 201, 813, 242]; 0.13115298902068848; [408, 945, 821, 202, 818, 242]; 0.0191778733213272; [406, 946, 824, 203, 815, 242]; 0.2179914571315005; [403, 948, 820, 199, 815, 243]; 0.23854946069566035; [401, 950, 822, 200, 816, 244]; 0.006625600762888614; [407, 950, 819, 203, 814, 242]; 0.012021020074954815; [403, 948, 821, 198, 817, 246]
d_30; 0.052329903171925096; [859, 954, 776, 358, 525, 268]; 0.009321273716825094; [857, 955, 780, 359, 528, 268]; 0.02747487724579416; [863, 954, 776, 357, 528, 268]; 0.007291968110328201; [863, 952, 777, 357, 525, 267]; 0.019038502172841396; [860, 955, 778, 356, 525, 267]; 0.0006968980902051958; [860, 954, 778, 358, 524, 268]; 0.1417386348053381; [863, 956, 778, 355, 529, 270]; 0.011493236922054948; [861, 953, 778, 355, 524, 265]; 0.6616434781929733; [858, 952, 778, 355, 528, 269]; 0.06897122757171441; [863, 954, 781, 354, 527, 268]
d_31; 0.17795677038911842; [153, 95, 429, 923, 38, 946]; 0.03777990856033014; [150, 93, 428, 924, 34, 941]; 0.021585870960825974; [151, 94, 429, 921, 36, 947]; 0.041271067176069376; [151, 91, 428, 923, 31, 946]; 0.06536491344543678; [153, 95, 428, 924, 37, 946]; 0.04834353471155085; [150, 92, 429, 923, 39, 946]; 0.32750435126124683; [149, 93, 427, 924, 31, 944]; 0.034609441773835736; [152, 94, 430, 923, 36, 946]; 0.18311773937237497; [152, 95, 425, 921, 33, 943]; 0.06246640234921079; [150, 93, 428, 924, 31, 946]
d_32; 0.18986145961966766; [942, 60, 753, 188, 984, 613]; 0.08246489594237738; [942, 60, 753, 183, 986, 615]; 0.030957588409793214; [939, 62, 753, 184, 988, 616]; 0.004789240277314631; [938, 58, 752, 187, 987, 613]; 0.2647974365009931; [938, 63, 754, 186, 983, 616]; 0.1722402490645717; [940, 62, 756, 187, 987, 613]; 0.1491053141317403; [940, 59, 755, 189, 983, 613]; 0.06477397066956624; [938, 61, 756, 189, 986, 614]; 0.0199761896996378; [939, 60, 752, 187, 987, 616]; 0.021033655684338078; [937, 62, 755, 186, 984, 612]
d_33; 0.20972883072656862; [986, 12, 503, 542, 521, 750]; 0.12400472861658678; [988, 11, 504, 544, 522, 752]; 0.22250037161901004; [984, 9, 504, 538, 521, 747]; 0.01256282320419849; [985, 8, 501, 541, 526, 750]; 0.11996655403454536; [984, 10, 504, 538, 523, 752]; 0.06249605970087599; [984, 12, 505, 544, 521, 748]; 0.122760042545473; [987, 11, 505, 539, 521, 751]; 0.06113284953249061; [987, 7, 505, 541, 524, 746]; 0.05316690780394796; [985, 12, 506, 544, 524, 748]; 0.0116808322163033; [986, 11, 505, 541, 525, 750]
d_34; 0.41460977254371895; [358, 816, 175, 204, 879, 630]; 0.2225014914572029; [355, 817, 177, 208, 881, 632]; 0.020036221139140283; [359, 813, 173, 209, 880, 629]; 0.03197312626405441; [359, 816, 172, 207, 881, 628]; 0.010669894313907914; [355, 817, 176, 208, 880, 630]; 0.037144066559330495; [357, 816, 177, 210, 879, 631]; 0.03271051357887519; [355, 814, 174, 210, 883, 629]; 0.0796955252179522; [356, 814, 175, 207, 878, 627]; 0.14661214495256128; [354, 816, 176, 210, 879, 629]; 0.004047243973256425; [356, 812, 174, 205, 881, 627]
d_35; 0.04951938756055148; [134, 724, 52, 985, 171, 634]; 0.10146975471518804; [132, 718, 52, 989, 172, 633]; 0.09968118383040672; [133, 721, 52, 985, 171, 634]; 0.006013839860781517; [130, 722, 50, 987, 170, 635]; 0.05980854657685879; [134, 720, 48, 989, 174, 630]; 0.35286618047589696; [133, 719, 52, 986, 171, 631]; 0.0012259334328399664; [134, 724, 53, 987, 170, 633]; 0.11697200999958483; [132, 721, 49, 986, 173, 630]; 0.1709800653397737; [132, 723, 46, 988, 173, 632]; 0.04146309820811798; [133, 723, 51, 984, 171, 634]
d_36; 0.15151262894481407; [427, 505, 400, 297, 943, 808]; 0.056369537189134754; [429, 506, 399, 298, 939, 806]; 0.03526062119733325; [429, 503, 396, 299, 945, 807]; 0.00722989659697864; [428, 504, 392, 298, 941, 807]; 0.15607864380730976; [428, 502, 398, 296, 944, 805]; 0.0412843303136507; [427, 507, 396, 298, 939, 805]; 0.04128715129028386; [428, 504, 397, 294, 943, 805]; 0.26987694131535456; [430, 502, 394, 300, 941, 807]; 0.23677709778616093; [428, 508, 396, 297, 939, 806]; 0.0043231515589795015; [428, 501, 397, 294, 943, 808]
d_37; 0.19330739598307808; [223, 895, 677, 988, 263, 508]; 0.12402052026272717; [225, 893, 681, 989, 264, 509]; 0.1954901338374915; [227, 891, 677, 987, 265, 505]; 0.10426478778720129; [226, 892, 679, 988, 259, 509]; 0.09278757889264184; [228, 891, 676, 990, 260, 506]; 0.0249273230762704; [223, 892, 679, 989, 265, 507]; 0.06203692252127503; [226, 892, 679, 987, 263, 508]; 0.028813500764600396; [227, 890, 680, 987, 259, 506]; 0.04268246770079929; [227, 890, 680, 986, 262, 504]; 0.1316693691739149; [228, 891, 677, 989, 259, 507]
d_38; 0.08239398107031676; [153, 982, 326, 772, 83, 739]; 0.0996328543184555; [151, 986, 329, 772, 82, 737]; 0.1170460245547621; [147, 983, 327, 771, 85, 740]; 0.07353593552723764; [153, 981, 329, 772, 86, 737]; 0.01952757738170619; [151, 984, 329, 771, 82, 738]; 0.07618818669276221; [150, 985, 330, 773, 85, 740]; 0.1366620117134275; [151, 983, 327, 774, 82, 739]; 0.1658763741769151; [151, 986, 329, 771, 87, 738]; 0.12935302831405238; [152, 985, 331, 773, 84, 737]; 0.09978402625036487; [150, 984, 326, 768, 84, 737]
d_39; 0.0514944383452775; [420, 605, 368, 617, 780, 534]; 0.1136623085760081; [419, 606, 370, 623, 781, 533]; 0.012341786041480915; [424, 605, 373, 622, 781, 535]; 0.10132950635391426; [419, 607, 369, 619, 778, 536]; 0.258318909247733; [420, 604, 373, 617, 780, 534]; 0.25765665699302087; [419, 603, 374, 622, 779, 537]; 0.012466982931798822; [422, 602, 371, 622, 780, 532]; 0.05100154350353391; [419, 606, 371, 622, 782, 534]; 0.12024319503329033; [420, 601, 370, 623, 780, 537]; 0.021484672973942427; [419, 601, 369, 619, 781, 533]
d_40; 0.03401123739474403; [385, 401, 454, 155, 286, 775]; 0.004273051100832442; [386, 404, 455, 160, 290, 775]; 0.1278686473562881; [388, 403, 453, 159, 289, 780]; 0.034028635146461934; [389, 401, 451, 157, 288, 777]; 0.1628875378753871; [391, 401, 454, 159, 289, 776]; 0.110567807266334; [390, 401, 454, 155, 285, 775]; 0.034309258840174446; [387, 399, 454, 156, 287, 774]; 0.1760918779258505; [388, 399, 456, 156, 287, 773]; 0.29633111543794705; [391, 400, 453, 159, 287, 775]; 0.01963083165598031; [389, 401, 453, 157, 288, 779]
d_41; 0.0701606264735641; [475, 534, 358, 428, 771, 238]; 0.024350173137048313; [472, 531, 360, 426, 771, 237]; 0.4463677743667807; [475, 532, 361, 428, 772, 238]; 0.04590784720627147; [475, 535, 362, 427, 767, 235]; 0.024689150743993388; [473, 536, 359, 430, 769, 238]; 0.14500778689521956; [472, 534, 361, 424, 770, 235]; 0.023091903495859125; [474, 535, 362, 424, 767, 238]; 0.04248278183372407; [473, 536, 362, 424, 769, 238]; 0.03814219544197084; [476, 534, 359, 424, 769, 237]; 0.13979976040556852; [476, 537, 360, 428, 770, 240]
d_42; 0.023443492411728516; [359, 332, 800, 28, 112, 48]; 0.017996027348680204; [358, 332, 799, 24, 113, 48]; 0.4176459976146647; [359, 333, 799, 26, 115, 50]; 0.00942824695754687; [359, 335, 802, 24, 114, 52]; 0.19026008962026683; [363, 332, 798, 25, 113, 48]; 0.0773228249607695; [361, 335, 802, 26, 109, 48]; 0.07005655916852695; [362, 334, 801, 24, 114, 52]; 0.06311829665922798; [359, 333, 798, 25, 114, 47]; 0.11466007949709588; [358, 335, 802, 25, 112, 50]; 0.016068385761492558; [358, 335, 801, 25, 113, 53]
d_43; 0.03788504940898356; [970, 862, 978, 614, 618, 933]; 0.5136911823753233; [968, 864, 976, 615, 616, 932]; 0.03077621643424083; [971, 867, 977, 615, 617, 936]; 0.03429368363424919; [970, 864, 979, 614, 619, 937]; 0.08686432802795067; [971, 863, 973, 614, 618, 937]; 0.13977248371766463; [972, 864, 976, 611, 619, 936]; 0.027188149814677813; [972, 864, 974, 613, 616, 938]; 0.02470875517928529; [974, 864, 978, 615, 615, 934]; 0.0018234665214212236; [972, 865, 980, 613, 615, 936]; 0.10299668488620346; [968, 865, 976, 614, 617, 937]
d_44; 0.1357053691605575; [269, 126, 355, 601, 505, 799]; 0.04591886349591625; [266, 125, 356, 605, 506, 803]; 0.0020157566150466304; [270, 123, 356, 606, 506, 802]; 0.0008695993954440977; [266, 127, 354, 603, 506, 800]; 0.046255932553086465; [271, 129, 357, 602, 507, 799]; 0.27901023496643035; [270, 126, 358, 602, 509, 800]; 0.3115318517725498; [271, 128, 352, 603, 505, 801]; 0.08694223743077142; [269, 127, 354, 606, 505, 801]; 0.026230779386892448; [271, 128, 358, 601, 507, 800]; 0.06551937522330499; [271, 128, 356, 605, 507, 801]
d_45; 0.1973230289950783; [102, 976, 176, 962, 73, 993]; 0.21102354047572724; [103, 972, 171, 965, 74, 990]; 0.23532817469894612; [102, 974, 175, 966, 77, 993]; 0.15406994531308202; [102, 974, 170, 961, 73, 993]; 0.03475783107932662; [100, 972, 175, 963, 72, 993]; 0.02728269544735517; [104, 974, 175, 966, 73, 990]; 0.01744916546641668; [101, 975, 174, 963, 74, 989]; 0.002903302681115267; [98, 974, 175, 963, 76, 992]; 0.056027079830175026; [101, 976, 174, 964, 77, 994]; 0.06383523601277742; [102, 974, 175, 967, 73, 990]
d_46; 0.055056858527285535; [847, 54, 928, 233, 238, 217]; 0.09940604207836098; [844, 55, 927, 235, 239, 220]; 0.04792033555686869; [847, 56, 927, 234, 242, 222]; 0.037646831174938965; [847, 59, 926, 235, 239, 216]; 0.21246543827756517; [846, 58, 927, 231, 237, 220]; 0.06441697059972974; [845, 55, 929, 233, 240, 221]; 0.03131044731937985; [845, 54, 927, 233, 241, 217]; 0.13888520471077268; [847, 57, 926, 230, 241, 217]; 0.1860136069429061; [845, 56, 924, 235, 239, 217]; 0.126878264812192; [848, 58, 929, 230, 238, 221]
d_47; 0.24109513044482636; [830, 692, 64, 498, 755, 698]; 0.07027462878597737; [835, 689, 68, 499, 755, 698]; 0.014914440430634864; [830, 690, 65, 494, 758, 700]; 0.09778977545052549; [832, 687, 65, 498, 760, 696]; 0.27080100090254705; [831, 689, 66, 501, 756, 702]; 0.019764576251110014; [831, 686, 67, 495, 759, 699]; 0.13436213015323406; [831, 691, 68, 499, 756, 697]; 0.028877802102214068; [832, 689, 64, 496, 756, 701]; 0.10165602178948042; [834, 690, 64, 498, 759, 699]; 0.020464493689450445; [833, 688, 63, 496, 757, 701]
d_48; 0.19667368359857; [23, 461, 392, 397, 40, 763]; 0.06191107179333354; [27, 458, 394, 399, 41, 761]; 0.09634133625817419; [26, 460, 392, 396, 41, 761]; 0.09246106038505979; [25, 462, 394, 399, 39, 765]; 0.39344500018504935; [24, 459, 396, 400, 39, 765]; 0.00309989432725754; [26, 459, 392, 395, 39, 762]; 0.09177549921902761; [29, 460, 392, 400, 38, 762]; 7.683885927329744e-05; [29, 461, 392, 398, 43, 763]; 0.06227644759797251; [27, 457, 392, 397, 40, 767]; 0.001939167776282404; [25, 461, 393, 397, 40, 766]
d_49; 0.09823258105049662; [439, 152, 831, 867, 243, 937]; 0.06240711420514431; [435, 150, 830, 870, 238, 936]; 0.0035190618725356605; [436, 150, 833, 870, 241, 935]; 0.11504051874431405; [435, 152, 834, 865, 240, 938]; 0.18092221420534502; [437, 153, 829, 871, 239, 937]; 0.14072490360510795; [434, 152, 833, 867, 241, 933]; 0.0007690165108649439; [434, 151, 834, 869, 238, 937]; 0.026050277121014192; [438, 152, 833, 871, 239, 936]; 0.17834627654779917; [435, 153, 836, 867, 242, 935]; 0.19398803613737803; [436, 154, 830, 866, 237, 936]
d_50; 0.03583640401726561; [457, 493, 572, 403, 562, 38]; 0.10692869520970932; [453, 494, 573, 398, 560, 41]; 0.1431839996318014; [454, 493, 571, 400, 566, 42]; 0.3409068900363538; [455, 494, 569, 399, 563, 43]; 0.0401592040808168; [455, 494, 572, 400, 563, 40]; 0.10404510199887947; [452, 490, 573, 402, 561, 40]; 0.07383538151892284; [454, 492, 569, 402, 565, 41]; 0.04767216216879117; [451, 493, 574, 398, 563, 41]; 0.07843025735014181; [455, 497, 573, 401, 564, 38]; 0.029001903987318087; [452, 496, 574, 401, 562, 38]
d_51; 0.2301587786054678; [641, 919, 333, 269, 192, 936]; 0.007171492878025922; [641, 922, 330, 269, 197, 932]; 0.08325476561521397; [642, 924, 331, 270, 191, 931]; 0.03789660490038322; [642, 921, 332, 269, 191, 932]; 0.04042218541104094; [641, 921, 331, 269, 192, 936]; 0.11074456155732489; [638, 918, 332, 266, 194, 934]; 0.015539101848958474; [641, 918, 333, 266, 195, 934]; 0.186770906012823; [641, 923, 331, 266, 194, 930]; 0.27350359867836904; [643, 918, 331, 268, 195, 932]; 0.014538004492392752; [641, 919, 334, 265, 191, 932]
d_52; 0.04110641091131113; [810, 47, 731, 141, 589, 55]; 0.11005355405687944; [811, 47, 731, 140, 586, 54]; 0.05919031472404255; [811, 48, 731, 147, 588, 54]; 0.010650104871370933; [811, 47, 729, 146, 585, 51]; 0.2977163851636676; [810, 48, 728, 142, 587, 50]; 0.07964520218620243; [811, 46, 727, 142, 589, 53]; 0.04769508986808734; [811, 49, 729, 142, 588, 54]; 0.0020869801400896543; [812, 50, 734, 145, 586, 54]; 0.017289278136438813; [812, 52, 730, 144, 585, 50]; 0.3345666799419102; [811, 48, 729, 140, 588, 51]
d_53; 0.4932157131484085; [975, 847, 404, 810, 918, 352]; 0.005127045273945328; [978, 841, 402, 812, 915, 352]; 0.12123799971769511; [976, 846, 403, 808, 917, 351]; 0.011869366328310524; [976, 844, 403, 810, 916, 348]; 0.09273977325810583; [977, 844, 403, 809, 919, 352]; 0.07635438062975765; [981, 844, 405, 811, 914, 354]; 0.06930857496320772; [977, 847, 405, 814, 916, 350]; 0.021285426383199843; [980, 844, 402, 814, 916, 353]; 0.011063550839806535; [977, 843, 405, 807, 915, 350]; 0.09779816945756295; [981, 842, 405, 811, 918, 350]
d_54; 0.008431119201785554; [473, 101, 476, 154, 387, 403]; 0.0383591873775122; [471, 101, 477, 158, 382, 403]; 0.02199829041688343; [476, 100, 481, 156, 384, 404]; 0.013740706433086758; [469, 99, 478, 155, 385, 405]; 0.03663394216559906; [474, 102, 478, 154, 380, 403]; 0.29024687678340555; [471, 99, 480, 155, 385, 407]; 0.3245005704304593; [472, 99, 480, 152, 385, 406]; 0.1452971315183999; [473, 102, 478, 156, 385, 407]; 0.01687230274406562; [472, 100, 479, 153, 385, 402]; 0.10391987292880257; [470, 99, 478, 156, 386, 406]
d_55; 0.010882585384311692; [396, 955, 959, 411, 547, 621]; 0.029679950675749956; [393, 954, 960, 415, 548, 620]; 0.027388618186354168; [394, 955, 959, 412, 549, 620]; 0.056156660006539655; [394, 953, 957, 415, 546, 621]; 0.168964173280449; [394, 953, 961, 412, 545, 620]; 0.1982575662366287; [397, 953, 956, 412, 547, 617]; 0.23634567013749827; [394, 952, 958, 414, 546, 619]; 0.005577219441634925; [398, 954, 960, 417, 549, 619]; 0.000892927898723905; [396, 952, 959, 412, 545, 622]; 0.2658546287521097; [401, 954, 961, 414, 547, 619]
d_56; 0.018921156243294514; [946, 241, 649, 695, 179, 356]; 0.0563530875581199; [947, 238, 651, 696, 181, 351]; 0.1552195728763885; [944, 240, 650, 695, 178, 353]; 0.10299592443535824; [946, 241, 651, 693, 180, 351]; 0.16088984631316913; [948, 238, 651, 695, 179, 353]; 0.11943554240723465; [944, 235, 650, 694, 181, 354]; 0.003414490214983648; [944, 240, 654, 694, 180, 356]; 0.03669604828147146; [947, 239, 649, 693, 180, 355]; 0.07979677557219475; [946, 238, 651, 695, 183, 354]; 0.2662775560977851; [947, 238, 650, 699, 182, 352]
d_57; 0.1310636983814419; [573, 403, 865, 634, 809, 819]; 0.2711748299130189; [576, 404, 865, 632, 810, 819]; 0.00685273385902911; [572, 406, 866, 635, 808, 814]; 0.14409397222111311; [573, 403, 868, 631, 812, 815]; 0.002879367543973761; [575, 404, 867, 632, 807, 817]; 0.05602555847092559; [578, 404, 865, 633, 810, 816]; 0.14820711554509314; [574, 403, 865, 637, 811, 814]; 0.044692427821324404; [573, 403, 864, 635, 809, 813]; 0.12540970799849258; [577, 402, 865, 632, 810, 816]; 0.06960058824558735; [574, 408, 866, 635, 809, 816]
d_58; 0.2310317293211621; [991, 846, 179, 319, 530, 202]; 0.03917614511137759; [993, 849, 174, 316, 528, 207]; 0.021931378325038532; [991, 846, 174, 315, 528, 204]; 0.07791802096232052; [990, 846, 175, 318, 532, 203]; 0.11498535590962543; [992, 847, 174, 316, 532, 201]; 0.08023142766879986; [995, 846, 176, 317, 530, 207]; 0.31125700928282174; [994, 848, 177, 315, 533, 204]; 0.0497586298266034; [994, 847, 178, 319, 532, 202]; 0.06512548896004433; [992, 850, 177, 315, 529, 202]; 0.0085848146322066; [997, 846, 176, 317, 530, 203]
d_59; 0.03927941011850454; [418, 927, 452, 138, 769, 334]; 0.23694048737918877; [418, 931, 452, 135, 768, 334]; 0.013859600645185297; [415, 930, 450, 135, 769, 337]; 0.23628488442918022; [417, 932, 451, 134, 765, 338]; 0.048715040785458186; [416, 929, 454, 136, 769, 335]; 0.09442680371066209; [420, 929, 452, 134, 768, 336]; 0.13676595669449715; [417, 928, 452, 136, 765, 333]; 0.018226457634191; [420, 931, 454, 137, 767, 337]; 0.004843089899778733; [420, 933, 450, 135, 769, 337]; 0.17065826870335404; [418, 933, 450, 134, 766, 334]
d_60; 0.1994030914380031; [430, 968, 235, 111, 675, 332]; 0.009782854574004546; [432, 972, 233, 115, 674, 333]; 0.028164771004560954; [430, 967, 236, 112, 674, 333]; 0.22146117606041293; [433, 969, 237, 114, 679, 331]; 0.11668098088174919; [433, 969, 233, 115, 678, 333]; 0.0813995937895232; [433, 968, 231, 114, 675, 332]; 0.08318973590515662; [432, 966, 235, 116, 679, 333]; 0.1412994290579895; [431, 967, 236, 111, 679, 332]; 0.09612879441031838; [433, 966, 235, 111, 679, 331]; 0.022489572878281648; [434, 971, 234, 111, 680, 333]
d_61; 0.024209817926814575; [823, 630, 180, 677, 378, 224]; 0.15435407836837253; [818, 627, 180, 679, 377, 224]; 0.0007074504535006979; [822, 629, 180, 676, 377, 229]; 0.019710081269526922; [820, 627, 182, 681, 378, 225]; 0.2540752897979173; [824, 625, 181, 678, 377, 226]; 0.02912949682757615; [821, 631, 181, 675, 376, 225]; 0.1386402308208952; [822, 629, 185, 678, 379, 223]; 0.15697183096349535; [819, 626, 180, 679, 378, 228]; 0.1837399317085328; [822, 629, 180, 681, 380, 226]; 0.038461791863368566; [821, 627, 178, 679, 377, 224]
d_62; 0.05285419383371171; [674, 139, 281, 502, 514, 302]; 0.03282952510349223; [671, 139, 277, 504, 513, 298]; 0.06171813992582427; [669, 140, 284, 505, 515, 300]; 0.19428557706708735; [670, 137, 281, 503, 515, 302]; 0.006338840790733847; [673, 142, 281, 503, 513, 298]; 0.10297604649146229; [675, 141, 281, 504, 515, 297]; 0.26994624774769316; [675, 142, 281, 505, 517, 297]; 0.023672457127094416; [675, 140, 281, 505, 512, 301]; 0.08259390064366022; [674, 140, 284, 505, 517, 301]; 0.17278507126924042; [672, 138, 283, 505, 515, 302]
d_63; 0.21988132657572595; [397, 265, 128, 264, 654, 402]; 0.1909627866887471; [396, 263, 131, 265, 652, 401]; 0.057155271715356344; [400, 262, 131, 263, 654, 401]; 0.07354755063096492; [394, 259, 128, 260, 654, 403]; 0.03433726272870256; [396, 261, 130, 258, 653, 404]; 0.20338081353209106; [397, 265, 128, 262, 655, 400]; 0.08959482920899349; [394, 262, 129, 263, 653, 399]; 0.03311177283194955; [398, 265, 127, 261, 652, 402]; 0.03331009071747617; [395, 264, 130, 264, 651, 404]; 0.06471829536999263; [393, 260, 129, 261, 654, 399]
d_64; 0.23144370593042515; [336, 701, 753, 43, 347, 903]; 0.022155998984649608; [338, 698, 759, 41, 345, 904]; 0.06243689278981667; [341, 700, 757, 40, 345, 901]; 0.016553269072134575; [340, 705, 755, 40, 346, 904]; 0.16887228870389964; [339, 703, 757, 44, 347, 907]; 0.2072934417070422; [338, 701, 757, 44, 344, 902]; 0.023165437328223893; [341, 699, 755, 38, 348, 902]; 0.0168294734956411; [338, 700, 753, 43, 348, 906]; 0.04528695033191845; [342, 700, 756, 42, 347, 902]; 0.20596254165624858; [338, 701, 752, 41, 347, 906]
d_65; 0.09053204571098399; [25, 276, 725, 544, 384, 297]; 0.023940251106584307; [27, 275, 726, 544, 385, 295]; 0.09731557459447598; [29, 276, 724, 547, 389, 296]; 0.03355715849438244; [29, 278, 725, 541, 387, 296]; 0.3467677219963086; [28, 280, 724, 544, 388, 295]; 0.0824298848974942; [26, 278, 725, 545, 385, 299]; 0.02785236555405148; [27, 274, 724, 545, 388, 300]; 0.005143950322035139; [28, 277, 723, 547, 386, 295]; 0.12315735420030159; [24, 277, 724, 546, 385, 299]; 0.16930369312338217; [25, 276, 726, 547, 386, 299]
d_66; 0.0868146618342799; [776, 463, 338, 950, 96, 245]; 0.01985697107175089; [770, 460, 340, 951, 95, 249]; 0.1152598923970421; [773, 464, 339, 948, 92, 246]; 0.15487146439852126; [776, 459, 338, 951, 95, 249]; 0.28394103218278155; [774, 463, 339, 948, 96, 245]; 0.10179723416793383; [775, 465, 338, 949, 92, 245]; 0.047138611533981044; [774, 462, 336, 954, 95, 247]; 0.10668258824589866; [772, 463, 337, 953, 95, 246]; 0.06145411764758818; [776, 463, 340, 949, 93, 246]; 0.02218342652022244; [770, 464, 337, 951, 92, 247]
d_67; 0.46110011775310306; [800, 566, 973, 79, 372, 463]; 0.1350457589996085; [800, 563, 973, 82, 372, 460]; 0.0163972363832406; [800, 565, 977, 85, 373, 460]; 0.027340864278160015; [798, 565, 976, 84, 369, 464]; 0.01268504559631905; [800, 564, 972, 86, 372, 464]; 0.0776300548485849; [799, 563, 976, 82, 375, 465]; 0.1839029311225408; [801, 567, 974, 85, 375, 466]; 0.032699047586274; [797, 569, 973, 82, 372, 463]; 0.04942843564756378; [798, 568, 974, 83, 373, 461]; 0.0037705077846051536; [798, 566, 978, 83, 376, 462]
d_68; 0.0008930516953950507; [222, 536, 336, 311, 963, 354]; 0.06294075994309219; [223, 534, 334, 311, 963, 355]; 0.06881350769414793; [222, 532, 336, 310, 962, 353]; 0.01842537420726519; [225, 533, 336, 312, 962, 353]; 0.12564329031823984; [223, 531, 336, 310, 962, 356]; 0.07473488933130279; [218, 533, 335, 314, 964, 354]; 0.1569335787984439; [222, 533, 333, 311, 964, 355]; 0.18261008330282955; [219, 531, 339, 312, 961, 355]; 0.010355335243930694; [219, 533, 333, 314, 961, 356]; 0.2986501294653529; [223, 532, 337, 312, 959, 354]
d_69; 0.08796594918268122; [916, 379, 919, 953, 994, 122]; 0.16224028537501883; [917, 381, 923, 955, 994, 124]; 0.06580222449286467; [915, 379, 924, 958, 993, 123]; 0.027984479797695; [916, 381, 921, 958, 992, 125]; 0.020415326195293886; [915, 382, 924, 956, 993, 123]; 0.2086087509159069; [919, 378, 919, 957, 990, 124]; 0.08355296690348285; [913, 378, 923, 957, 993, 121]; 0.0738970938399268; [916, 378, 923, 961, 992, 124]; 0.2314655700867594; [919, 380, 923, 958, 991, 125]; 0.038067353210370386; [915, 383, 920, 956, 995, 124]
d_70; 0.0057555644400527; [973, 494, 962, 161, 987, 749]; 0.12421918411732175; [978, 495, 961, 159, 989, 752]; 0.05939580538728252; [973, 495, 958, 160, 986, 751]; 0.0036618075548787866; [975, 496, 959, 164, 986, 753]; 0.05053013207937903; [973, 493, 959, 161, 987, 756]; 0.10889282984521294; [975, 496, 957, 159, 985, 752]; 0.12044687275373228; [973, 495, 962, 160, 989, 753]; 0.21436116297434082; [976, 494, 962, 161, 987, 750]; 0.029041762284882876; [974, 498, 957, 159, 987, 754]; 0.28369487856291625; [978, 497, 960, 159, 988, 754]
d_71; 0.1903229760394209; [410, 725, 115, 51, 990, 397]; 0.20507292624398973; [412, 727, 116, 54, 989, 395]; 0.04408814797257893; [409, 726, 118, 50, 984, 399]; 0.1344729037675657; [411, 727, 117, 52, 989, 397]; 0.008061961548376682; [408, 726, 118, 52, 986, 400]; 0.1655459272027263; [409, 731, 118, 52, 984, 398]; 0.1457692925954813; [407, 727, 117, 51, 985, 394]; 0.0013882782761905391; [411, 730, 115, 54, 986, 397]; 0.08440357372345478; [410, 727, 121, 51, 988, 398]; 0.02087401263021504; [409, 731, 119, 50, 988, 398]
d_72; 0.0286884457472721; [302, 143, 939, 167, 808, 611]; 0.0008016257629288636; [300, 141, 943, 168, 810, 607]; 0.17804746304150243; [305, 141, 941, 171, 809, 610]; 0.01752263219945298; [303, 143, 941, 169, 813, 606]; 0.029502607954290005; [304, 142, 943, 173, 811, 608]; 0.1404366389738999; [304, 142, 938, 170, 814, 610]; 0.19434077111480405; [302, 145, 940, 171, 810, 611]; 0.09781906214391659; [304, 145, 941, 170, 810, 608]; 0.20719286409353882; [304, 143, 944, 166, 812, 610]; 0.10564788896839415; [305, 142, 944, 168, 810, 608]
d_73; 0.025169095445540936; [762, 890, 461, 986, 956, 431]; 0.014423085810707004; [757, 887, 463, 990, 957, 432]; 0.023010087080117255; [759, 891, 461, 992, 957, 435]; 0.12487304089367025; [759, 891, 464, 991, 957, 435]; 0.13558754904678036; [762, 888, 463, 991, 955, 434]; 0.042878459601969274; [760, 890, 465, 987, 955, 434]; 0.22936196115331983; [758, 887, 464, 990, 958, 435]; 0.2052418630228489; [761, 886, 463, 989, 957, 431]; 0.19788454405131428; [760, 891, 464, 988, 957, 431]; 0.0015703138937318744; [764, 890, 460, 988, 955, 432]
d_74; 0.10030288780096636; [123, 32, 443, 529, 779, 348]; 0.04664656028674654; [126, 32, 446, 528, 777, 348]; 0.052952133429681573; [122, 30, 442, 531, 774, 346]; 0.17496756950775552; [122, 31, 444, 527, 773, 351]; 0.1726631730045929; [124, 32, 441, 529, 777, 347]; 0.01129351716924134; [126, 32, 444, 531, 772, 348]; 0.02587172947152317; [122, 35, 443, 527, 775, 349]; 0.1520797477385616; [121, 29, 443, 528, 773, 347]; 0.07492272465654942; [120, 34, 443, 528, 773, 348]; 0.18829995693438167; [121, 32, 446, 529, 776, 348]
d_75; 0.008505412025148958; [169, 404, 533, 287, 272, 489]; 0.032841679999825006; [174, 402, 535, 284, 273, 492]; 0.033628675553214145; [171, 402, 538, 284, 272, 490]; 0.2138659959986943; [171, 400, 534, 288, 268, 493]; 0.008567279608297874; [170, 400, 535, 290, 270, 493]; 0.23728240585592805; [168, 400, 536, 286, 270, 494]; 0.1462900271432809; [171, 401, 538, 286, 273, 488]; 0.24880081537562485; [171, 401, 535, 289, 273, 492]; 0.0599547080758319; [172, 400, 531, 288, 273, 491]; 0.010263000364153898; [172, 401, 533, 286, 273, 493]
d_76; 0.058117472022127484; [669, 336, 125, 424, 829, 137]; 0.12239280572386552; [668, 335, 123, 422, 831, 137]; 0.052445763333365106; [669, 333, 125, 425, 827, 134]; 0.00324356554364044; [667, 335, 124, 421, 829, 138]; 0.02535498600243612; [667, 333, 124, 425, 829, 137]; 0.2638963073289975; [667, 336, 128, 422, 830, 135]; 0.08499669746988849; [669, 334, 125, 427, 832, 136]; 0.13205770513877957; [670, 335, 124, 423, 829, 134]; 0.07117412356286279; [669, 332, 129, 423, 830, 134]; 0.1863205738740372; [669, 331, 127, 424, 826, 136]
d_77; 0.004972061057368184; [707, 747, 721, 902, 240, 638]; 0.09100890486937721; [707, 745, 724, 902, 244, 635]; 0.009311561862088868; [707, 748, 721, 899, 244, 637]; 0.042765400056090405; [709, 750, 724, 898, 245, 637]; 0.03641765217607992; [706, 747, 724, 901, 243, 640]; 0.03985903030098129; [713, 748, 723, 902, 243, 637]; 0.13424277873393686; [710, 748, 727, 904, 244, 639]; 0.42380615110062797; [709, 744, 725, 899, 244, 639]; 0.20931727940296763; [710, 749, 723, 902, 243, 637]; 0.008299180440481675; [711, 748, 721, 903, 244, 639]
d_78; 0.04978037062156686; [699, 514, 367, 993, 387, 102]; 0.11293488711398612; [698, 512, 364, 991, 388, 102]; 0.13279043585813186; [697, 509, 368, 993, 384, 103]; 0.2052631587685799; [697, 509, 364, 996, 384, 105]; 0.04086094652212303; [695, 511, 364, 994, 387, 105]; 0.09693709543761515; [696, 507, 363, 992, 386, 103]; 0.14083280108781704; [697, 509, 364, 994, 384, 105]; 0.20636625261172165; [695, 513, 366, 993, 383, 102]; 0.013400282144417654; [697, 507, 366, 992, 385, 104]; 0.0008337698340407479; [698, 511, 365, 996, 386, 102]
d_79; 0.019329971198489726; [92, 102, 125, 155, 694, 801]; 0.442842064142769; [91, 99, 127, 150, 695, 805]; 0.058537684814077354; [90, 99, 124, 152, 690, 800]; 0.04578967006327436; [90, 100, 129, 151, 694, 806]; 0.054143054750272555; [92, 99, 125, 150, 694, 802]; 0.16135742068430536; [86, 100, 126, 152, 693, 803]; 0.04781218221653788; [88, 103, 124, 151, 690, 801]; 0.01657570095850383; [90, 102, 127, 151, 696, 805]; 0.10434449462835683; [91, 103, 123, 151, 690, 802]; 0.049267756543413026; [92, 102, 126, 148, 693, 803]
d_80; 0.10203279189202615; [461, 524, 135, 783, 631, 150]; 0.16319275494778412; [462, 527, 136, 779, 636, 145]; 0.1592874860775141; [463, 526, 139, 777, 633, 150]; 0.11523764402426008; [461, 523, 133, 778, 632, 149]; 0.18961628189614724; [463, 522, 138, 778, 632, 150]; 0.051314368398004566; [461, 525, 135, 778, 633, 148]; 0.06839012132158045; [459, 526, 136, 782, 634, 147]; 0.03529690494908988; [460, 524, 137, 779, 634, 148]; 0.08448771589813783; [463, 525, 132, 780, 635, 149]; 0.031143930595455466; [460, 526, 139, 781, 634, 150]
d_81; 0.28955983617237985; [200, 325, 578, 879, 385, 801]; 0.048122717287354684; [200, 328, 574, 883, 387, 804]; 0.0966486632404128; [199, 324, 573, 881, 387, 800]; 0.011655896680145137; [197, 328, 573, 880, 385, 803]; 0.12755476252080467; [201, 324, 571, 881, 385, 804]; 0.07207625201052718; [203, 326, 577, 878, 386, 803]; 0.15579240607461226; [202, 328, 575, 882, 385, 804]; 0.049439960463243296; [201, 330, 575, 882, 383, 802]; 0.02953846477115497; [203, 328, 575, 882, 387, 801]; 0.11961104077936521; [202, 326, 575, 877, 384, 803]
d_82; 0.052365823841642525; [218, 407, 390, 892, 882, 387]; 0.028892033258651074; [222, 405, 391, 892, 883, 389]; 0.11426520952654931; [220, 406, 386, 892, 883, 386]; 0.04884699108241419; [221, 405, 389, 886, 885, 386]; 0.10890192436926413; [219, 409, 388, 889, 885, 385]; 0.31159267424045645; [218, 407, 392, 892, 884, 389]; 0.0002573272136829566; [222, 406, 389, 892, 882, 387]; 0.03028374611184; [222, 408, 392, 891, 881, 385]; 0.2991056397835568; [219, 404, 389, 888, 883, 389]; 0.005488630571942407; [220, 405, 393, 888, 885, 389]
d_83; 0.05967121965509851; [888, 815, 540, 107, 683, 331]; 0.03843993044711455; [888, 812, 542, 108, 680, 336]; 0.15313863434707442; [888, 815, 541, 112, 681, 335]; 0.06588261390326856; [886, 815, 542, 113, 681, 334]; 0.02711607023683769; [886, 815, 540, 110, 680, 334]; 0.0020767814244883687; [889, 813, 540, 108, 682, 333]; 0.020418066255871548; [888, 811, 543, 110, 679, 335]; 0.1288279995465282; [890, 813, 538, 107, 682, 334]; 0.16002648857513865; [885, 813, 540, 109, 680, 333]; 0.3444021956085795; [885, 814, 543, 111, 683, 334]
d_84; 0.20276226686657461; [933, 598, 224, 274, 68, 142]; 0.2733115608827395; [933, 598, 227, 277, 70, 145]; 0.0059546432353975946; [932, 593, 225, 276, 70, 143]; 0.023626355049261978; [936, 596, 227, 270, 68, 144]; 0.045124879816607844; [936, 594, 224, 276, 69, 144]; 0.039769077773487656; [934, 594, 224, 275, 70, 140]; 0.022501782060916388; [937, 595, 225, 271, 68, 145]; 0.03942367206183836; [936, 597, 222, 274, 67, 145]; 0.1250895567157826; [933, 593, 223, 273, 70, 144]; 0.22243620553739335; [935, 597, 221, 273, 68, 145]
d_85; 0.18062740095185548; [563, 794, 393, 460, 612, 903]; 0.060964297266462124; [563, 792, 394, 458, 614, 900]; 0.262290267507423; [566, 790, 395, 454, 613, 904]; 0.03282208122832239; [564, 793, 395, 455, 614, 903]; 0.0745907496692845; [561, 791, 392, 459, 609, 903]; 0.19173893655689392; [562, 791, 394, 455, 612, 903]; 0.010048234894095846; [564, 794, 395, 456, 607, 903]; 0.11720968825727206; [562, 791, 391, 454, 613, 905]; 0.029048475691659276; [564, 793, 396, 457, 613, 903]; 0.04065986797673135; [567, 792, 394, 456, 611, 906]
d_86; 0.036689805271743633; [611, 359, 267, 666, 756, 525]; 0.05378045202053933; [608, 353, 266, 665, 756, 522]; 0.21300750802942434; [610, 354, 267, 668, 756, 522]; 0.13260704981365462; [608, 353, 268, 666, 757, 525]; 0.020423079916915075; [607, 355, 266, 665, 758, 525]; 0.07099684877733475; [611, 359, 268, 665, 755, 520]; 0.32059503530641403; [608, 355, 266, 662, 757, 520]; 0.006300344185934059; [612, 356, 268, 666, 756, 520]; 0.04122893319263111; [608, 356, 267, 666, 755, 526]; 0.10437094348540911; [610, 354, 266, 665, 755, 522]
d_87; 0.11351549110529112; [968, 513, 74, 514, 415, 760]; 0.09902183315850245; [964, 512, 70, 513, 414, 759]; 0.0008962293666354169; [966, 509, 73, 518, 417, 757]; 0.05066078678923137; [964, 513, 74, 517, 416, 757]; 0.006746249339440749; [968, 508, 71, 516, 417, 761]; 0.06315863068638508; [968, 511, 75, 517, 417, 763]; 0.01130102964492745; [967, 512, 71, 516, 413, 762]; 0.24324015762249346; [967, 511, 71, 517, 416, 762]; 0.33052882808348605; [968, 510, 71, 516, 418, 763]; 0.08093076420360666; [967, 511, 72, 519, 414, 761]
d_88; 0.12693131367034413; [418, 937, 851, 834, 755, 251]; 0.09660215037672304; [419, 932, 851, 834, 753, 248]; 0.007624202434369393; [418, 933, 847, 833, 755, 248]; 0.051540180798918776; [419, 931, 849, 836, 756, 247]; 0.43718029291948624; [422, 937, 850, 836, 757, 249]; 0.0581557768658398; [418, 933, 850, 835, 755, 248]; 0.011339276021402559; [419, 932, 850, 835, 759, 246]; 0.1573134406281926; [418, 933, 850, 832, 757, 249]; 0.00760301738848894; [419, 933, 848, 834, 759, 247]; 0.04571034889623471; [418, 936, 846, 834, 754, 251]
d_89; 0.21261253272393285; [493, 627, 137, 164, 856, 408]; 0.15996289188117638; [493, 626, 135, 167, 857, 409]; 0.014635357806169558; [496, 628, 136, 162, 856, 410]; 0.18188072208285858; [495, 630, 137, 167, 857, 406]; 0.015675796218065488; [493, 628, 137, 168, 855, 407]; 0.14268979097055184; [498, 628, 139, 169, 859, 409]; 0.11965758458711921; [495, 630, 139, 163, 855, 409]; 0.12517254912965287; [493, 630, 135, 166, 857, 409]; 0.012516303918277481; [493, 627, 137, 169, 856, 408]; 0.01519647068219589; [496, 627, 137, 165, 859, 407]
d_90; 0.07649890594264046; [662, 44, 573, 650, 825, 639]; 0.03565998979786081; [665, 46, 569, 651, 826, 636]; 0.08648607717266042; [662, 45, 576, 651, 827, 634]; 0.2267701622184473; [666, 44, 574, 649, 824, 635]; 0.03648530814246262; [661, 42, 571, 648, 829, 633]; 0.09143675283514478; [664, 40, 570, 650, 825, 635]; 0.2085786425074819; [663, 45, 571, 651, 827, 632]; 0.060652849700285914; [659, 41, 573, 649, 827, 636]; 0.13479991727250532; [661, 40, 570, 651, 826, 633]; 0.0426313944105106; [663, 41, 571, 648, 826, 632]
d_91; 0.035382290764704234; [863, 279, 893, 885, 873, 691]; 0.13472510885651473; [866, 278, 893, 884, 869, 690]; 0.055738137981744075; [866, 280, 891, 888, 873, 690]; 0.21164778973642837; [865, 275, 894, 884, 870, 689]; 0.23432002273004893; [862, 276, 892, 882, 872, 690]; 0.0316202537382803; [864, 279, 893, 887, 869, 687]; 0.061696272052193406; [864, 280, 892, 886, 873, 687]; 0.0037626700163706926; [867, 278, 894, 884, 870, 687]; 0.06783586562297056; [866, 277, 893, 886, 875, 691]; 0.16327158850074475; [863, 279, 895, 884, 873, 688]
d_92; 0.04488634072139148; [49, 283, 963, 208, 656, 495]; 0.12315905401569431; [50, 284, 962, 213, 654, 495]; 0.1998478611908048; [52, 287, 963, 211, 655, 491]; 0.13870865466995816; [55, 286, 964, 211, 656, 495]; 0.13332654702309282; [51, 284, 960, 210, 655, 496]; 0.1148382830568509; [50, 285, 963, 209, 657, 493]; 0.046110143358388686; [52, 282, 963, 214, 657, 492]; 0.07378138734102939; [50, 281, 962, 211, 657, 492]; 0.0001445963505552244; [53, 284, 961, 212, 653, 496]; 0.12519713227223417; [51, 282, 966, 210, 652, 494]
d_93; 7.962762353675909e-05; [8, 987, 755, 733, 947, 699]; 0.05303367932362678; [8, 989, 753, 730, 944, 699]; 0.049216126474023035; [10, 989, 751, 733, 944, 698]; 0.2039349133860464; [9, 987, 753, 734, 943, 703]; 0.0859472857674674; [6, 988, 749, 735, 945, 701]; 0.11514718067409906; [5, 989, 750, 734, 947, 702]; 0.03698442145329949; [7, 988, 753, 735, 942, 699]; 0.06485054334722747; [8, 991, 750, 732, 944, 698]; 0.25766518031211555; [5, 990, 748, 732, 947, 701]; 0.133141041638558; [6, 990, 750, 735, 942, 698]
d_94; 0.055062694355706286; [622, 898, 360, 50, 376, 115]; 0.13769442067069335; [621, 900, 362, 48, 377, 121]; 0.2080879273466788; [622, 903, 362, 49, 376, 117]; 0.06417373375035049; [619, 903, 359, 49, 376, 116]; 0.0649419090684284; [624, 904, 359, 49, 378, 117]; 0.11777332858177306; [621, 903, 359, 50, 375, 116]; 0.053186347322579715; [620, 903, 362, 53, 378, 116]; 0.10692582316342517; [620, 903, 360, 51, 380, 118]; 0.17830417576939478; [621, 902, 362, 51, 378, 113]; 0.013849639970969907; [624, 901, 362, 53, 374, 117]
d_95; 0.06642676544424102; [247, 578, 200, 650, 774, 501]; 0.08400532231258956; [243, 578, 202, 651, 775, 503]; 0.17904528667952763; [246, 579, 201, 647, 775, 508]; 0.025838310283885675; [245, 575, 201, 650, 775, 504]; 0.23551910805053458; [244, 576, 202, 650, 774, 506]; 0.16305874262150608; [248, 576, 198, 649, 774, 506]; 0.049152042584350235; [244, 576, 201, 648, 774, 501]; 0.037572005270802906; [241, 578, 199, 650, 774, 507]; 0.104800058669674; [243, 581, 199, 649, 774, 508]; 0.05458235808288836; [244, 577, 198, 649, 777, 506]
d_96; 0.11717513218405924; [13, 464, 83, 837, 434, 249]; 0.06652330934111214; [9, 464, 79, 837, 431, 249]; 0.1622864081640628; [13, 465, 81, 835, 434, 247]; 0.271880785615724; [13, 465, 78, 842, 436, 248]; 0.02041512216055572; [12, 466, 82, 836, 434, 249]; 0.01233660889661417; [8, 464, 79, 838, 434, 249]; 0.0947983081790799; [12, 468, 79, 840, 433, 251]; 0.13954051498914888; [9, 467, 79, 838, 438, 247]; 0.03249184946468372; [10, 467, 81, 837, 433, 245]; 0.08255196100495925; [13, 469, 81, 839, 435, 247]
d_97; 0.09509293482662158; [59, 438, 721, 694, 167, 250]; 0.022778656079193212; [58, 433, 725, 697, 168, 253]; 0.09821980379423026; [57, 435, 723, 691, 165, 251]; 0.02366005583708801; [62, 436, 724, 695, 165, 252]; 0.00535397249258078; [57, 436, 720, 696, 166, 252]; 0.20669501039630248; [58, 435, 723, 690, 167, 252]; 0.20279557908316886; [59, 433, 724, 694, 170, 249]; 0.2583797256291751; [56, 439, 723, 697, 168, 251]; 0.016942620318414675; [57, 437, 720, 694, 168, 252]; 0.07008164154322502; [58, 436, 724, 693, 170, 249]
d_98; 0.15544109600320324; [651, 643, 929, 90, 162, 514]; 0.07755674381661151; [652, 642, 929, 86, 164, 513]; 0.11626783958810627; [653, 642, 927, 90, 164, 514]; 0.03191153207449052; [651, 641, 926, 90, 162, 513]; 0.2778532172430564; [649, 643, 924, 89, 160, 514]; 0.05965638245823688; [650, 641, 927, 88, 163, 511]; 0.09490349018320016; [648, 643, 931, 89, 162, 511]; 0.1336458767374287; [652, 643, 930, 86, 161, 515]; 0.0030769272590457164; [649, 643, 926, 90, 165, 512]; 0.0496868946366208; [654, 642, 929, 89, 161, 516]
d_99; 0.13214096997513178; [69, 340, 934, 93, 311, 509]; 0.08115601345455412; [68, 338, 931, 92, 316, 510]; 0.007505979610459323; [68, 342, 933, 88, 314, 509]; 0.020383942452442468; [68, 345, 931, 92, 313, 512]; 0.006227579197640027; [69, 340, 934, 91, 311, 508]; 0.09401842020576648; [69, 343, 929, 94, 312, 512]; 0.04675272362812383; [71, 338, 931, 90, 311, 509]; 0.4372886745666393; [71, 339, 932, 91, 310, 508]; 0.13018615299470615; [73, 339, 931, 91, 312, 510]; 0.044339543914536435; [70, 339, 930, 89, 312, 508]
